{
    "startState": 1,
    "rooms": [
        {
            "roomNumber": 1,
            "leftImage": "1.png",
            "rightImage": "default-name-right",
            "markers": [
                {
                    "reference": 3,
                    "posX": -4.275513648986816,
                    "posY": 6.702810287475586,
                    "posZ": 17.560791015625,
                    "scaleX": 1.0,
                    "scaleY": 1.0,
                    "scaleZ": 1.0
                }
            ]
        },
        {
            "roomNumber": 2,
            "leftImage": "2.png",
            "rightImage": "default-name-right",
            "markers": [
                {
                    "reference": 1,
                    "posX": -0.12620866298675538,
                    "posY": 7.2126007080078129,
                    "posZ": 17.855609893798829,
                    "scaleX": 1.0,
                    "scaleY": 1.0,
                    "scaleZ": 1.0
                }
            ]
        },
        {
            "roomNumber": 3,
            "leftImage": "3.png",
            "rightImage": "default-name-right",
            "markers": [
                {
                    "reference": 2,
                    "posX": -0.12853822112083436,
                    "posY": 7.37188196182251,
                    "posZ": 17.790102005004884,
                    "scaleX": 1.0,
                    "scaleY": 1.0,
                    "scaleZ": 1.0
                }
            ]
        }
    ]
}